iter	MultiClass
0	0.6400691202
1	0.45307445
2	0.3669260428
3	0.3035362842
4	0.2790766576
5	0.2522748578
6	0.2238516784
7	0.2116665656
8	0.2028495638
9	0.196354778
